<?xml version="1.0" encoding="UTF-8"?>
<project-private xmlns="http://www.netbeans.org/ns/project-private/1">
    <editor-bookmarks xmlns="http://www.netbeans.org/ns/editor-bookmarks/2" lastBookmarkId="0"/>
    <open-files xmlns="http://www.netbeans.org/ns/projectui-open-files/2">
        <group>
            <file>file:/C:/Users/Sony_PC/Desktop/xamp_/htdocs/piekarnia/app/forms/PersonEditForm.class.php</file>
            <file>file:/C:/Users/Sony_PC/Desktop/xamp_/htdocs/piekarnia/app/controllers/LoginCtrl.class.php</file>
            <file>file:/C:/Users/Sony_PC/Desktop/xamp_/htdocs/piekarnia/app/onload_smarty.php</file>
            <file>file:/C:/Users/Sony_PC/Desktop/xamp_/htdocs/piekarnia/app/views/templates/records_Db_View.tpl</file>
            <file>file:/C:/Users/Sony_PC/Desktop/xamp_/htdocs/piekarnia/public/css/styles.css</file>
            <file>file:/C:/Users/Sony_PC/Desktop/xamp_/htdocs/piekarnia/app/views/Hello.tpl</file>
            <file>file:/C:/Users/Sony_PC/Desktop/xamp_/htdocs/piekarnia/app/views/LoginView.tpl</file>
            <file>file:/C:/Users/Sony_PC/Desktop/xamp_/htdocs/piekarnia/app/views/templates/main_1.tpl</file>
            <file>file:/C:/Users/Sony_PC/Desktop/xamp_/htdocs/piekarnia/app/views/RegistrationView.tpl</file>
            <file>file:/C:/Users/Sony_PC/Desktop/xamp_/htdocs/piekarnia/config.php</file>
            <file>file:/C:/Users/Sony_PC/Desktop/xamp_/htdocs/piekarnia/public/index.php</file>
            <file>file:/C:/Users/Sony_PC/Desktop/xamp_/htdocs/piekarnia/app/controllers/RegistrationCtrl.class.php</file>
            <file>file:/C:/Users/Sony_PC/Desktop/xamp_/htdocs/piekarnia/index.php</file>
            <file>file:/C:/Users/Sony_PC/Desktop/xamp_/htdocs/piekarnia/app/forms/RegistrationForm.class.php</file>
            <file>file:/C:/Users/Sony_PC/Desktop/xamp_/htdocs/piekarnia/public/css/style.css</file>
            <file>file:/C:/Users/Sony_PC/Desktop/xamp_/htdocs/piekarnia/app/views/History_View_Db.tpl</file>
            <file>file:/C:/Users/Sony_PC/Desktop/xamp_/htdocs/piekarnia/init.php</file>
            <file>file:/C:/Users/Sony_PC/Desktop/xamp_/htdocs/piekarnia/app/controllers/HelloCtrl.class.php</file>
            <file>file:/C:/Users/Sony_PC/Desktop/xamp_/htdocs/piekarnia/app/views/Piekarnia.tpl</file>
            <file>file:/C:/Users/Sony_PC/Desktop/xamp_/htdocs/piekarnia/routing.php</file>
            <file>file:/C:/Users/Sony_PC/Desktop/xamp_/htdocs/piekarnia/app/views/EditView.tpl</file>
            <file>file:/C:/Users/Sony_PC/Desktop/xamp_/htdocs/piekarnia/ctrl.php</file>
            <file>file:/C:/Users/Sony_PC/Desktop/xamp_/htdocs/piekarnia/app/forms/LoginForm.class.php</file>
            <file>file:/C:/Users/Sony_PC/Desktop/xamp_/htdocs/piekarnia/public/css/style_1.css</file>
            <file>file:/C:/Users/Sony_PC/Desktop/xamp_/htdocs/piekarnia/app/views/templates/main_2.tpl</file>
            <file>file:/C:/Users/Sony_PC/Desktop/xamp_/htdocs/piekarnia/app/controllers/Piekarnia.class.php</file>
            <file>file:/C:/Users/Sony_PC/Desktop/xamp_/htdocs/piekarnia/app/controllers/DbHistory.class.php</file>
            <file>file:/C:/Users/Sony_PC/Desktop/xamp_/htdocs/piekarnia/app/views/Summary.tpl</file>
            <file>file:/C:/Users/Sony_PC/Desktop/xamp_/htdocs/piekarnia/app/views/Piekarnia_zamówienie.tpl</file>
            <file>file:/C:/Users/Sony_PC/Desktop/xamp_/htdocs/piekarnia/app/transfer/User.class.php</file>
            <file>file:/C:/Users/Sony_PC/Desktop/xamp_/htdocs/piekarnia/app/views/templates/main.tpl</file>
        </group>
    </open-files>
</project-private>
